Unnamed: 0	cdr3_b_aa	v_b_gene	j_b_gene	pgen	radius	target_hits	bkgd_hits	bkgd_hits_weighted	bkgd_total	ctrl	ctrl_weighted	target_misses	TR	TR2	BR_weighted	RR_weighted	OR_weighted	chi2dist	target_neighbors	target_seqs	background_neighbors	background_seqs	background_v	background_j	regex	target_re_hits	bkgd_re_hits	bkgd_re_weighted_hits	TR_re	BR_re_weighted	RR_re_weighted	OR_re_weighted	chi2re	chi2joint	neighbors	K_neighbors	nsubject	novel
386	CASSRRTDSYEQYF	TRBV28*01	TRBJ2-7*01	3.544276227203388e-08	22	45	2	0.164671930006633	198357	1.0082830452164532e-05	8.301795752437926e-07	452	0.09218436873747493	0.09218436873747493	5.8715355996281136e-06	15700.214564536345	17294.395292944006	17449.396473288652	[42, 49, 51, 52, 57, 59, 61, 63, 65, 128, 129, 130, 131, 132, 159, 169, 170, 171, 218, 220, 221, 222, 223, 241, 244, 256, 263, 264, 288, 290, 292, 296, 297, 299, 300, 334, 374, 375, 377, 378, 380, 381, 386, 388, 478]	['CASNFRTDSYEQYF', 'CASSFRSDSYEQYF', 'CASSFRTDSYEQYF', 'CASSHRTDSYEQYF', 'CASSLRTDAYEQYF', 'CASSLRTDSYEQYF', 'CASSRKTDLYEQYF', 'CASSRRTDSYEQYF', 'CASSYRTDSYEQYF', 'CASSHRTDSYEQYF', 'CASSLRSDSYEQYF', 'CASSLRTDSYEQYF', 'CASSRKTDSYEQYF', 'CASSRRTDSYEQYF', 'CASSFKTDSYEQYF', 'CASSLRTNSYEQYF', 'CASSRGTDAYEQYF', 'CASSRPTDSYEQYF', 'CASSLKTDSYEQYF', 'CASSLRSDSYEQYF', 'CASSLRTDNYEQYF', 'CASSLRTDSYEQYF', 'CASSRRTDNYEQYF', 'CASSLKTDSYEQYF', 'CASSLRTDSYEQYF', 'CASSMRTDSYEQYF', 'CASSFRTDSYEQYF', 'CASSLRTDSYEQYF', 'CASSFRSDSYEQYF', 'CASSFRTDSYEQYF', 'CASSHRTDSYEQYF', 'CASSLRTDSYEQYF', 'CASSRKTDSYEQYF', 'CASSRRTDSYEQYF', 'CASSRSTDSYEQYF', 'CASSFRTDTYEQYF', 'CASSFRTDSYEQYF', 'CASSHRTDTYEQYF', 'CASSLKTDSYEQYF', 'CASSLRSDSYEQYF', 'CASSLRTDSYEQYF', 'CASSLRTNSYEQYF', 'CASSRRTDSYEQYF', 'CASSWRTDSYEQYF', 'CASSLRTDSYEQYF']	[99351, 99415]	['CASSRRSSYEQYF', 'CASSRTDSYEQYF']	['TRBV28*01', 'TRBV28*01']	['TRBJ2-7*01', 'TRBJ2-7*01']	([NS].[RGKPS][ST][ND][ANLST]YEQ)	74	51	44.88826385228947	0.15030060120240482	0.0002313394595268653	398.480954896368	764.4431776556897	18204.646297729	35654.04277101765	[42, 49, 51, 52, 57, 59, 61, 63, 65, 128, 129, 130, 131, 132, 159, 169, 170, 171, 218, 220, 221, 222, 223, 241, 244, 256, 263, 264, 288, 290, 292, 296, 297, 299, 300, 334, 374, 375, 377, 378, 380, 381, 386, 388, 478]	45	12	1
131	CASSRKTDSYEQYF	TRBV28*01	TRBJ2-7*01	6.4954009167227126e-09	22	40	2	0.164671930006633	198357	1.0082830452164532e-05	8.301795752437926e-07	457	0.08216432865731463	0.08216432865731463	5.8715355996281136e-06	13993.669503173698	15246.288388828985	15463.755106371567	[45, 47, 51, 52, 54, 59, 61, 63, 65, 128, 130, 131, 132, 158, 159, 170, 171, 217, 218, 222, 223, 241, 244, 254, 256, 263, 264, 290, 292, 293, 296, 297, 299, 300, 374, 377, 380, 386, 388, 478]	['CASSEKTDTYEQYF', 'CASSFKTDTYEQYF', 'CASSFRTDSYEQYF', 'CASSHRTDSYEQYF', 'CASSLKSDSYEQYF', 'CASSLRTDSYEQYF', 'CASSRKTDLYEQYF', 'CASSRRTDSYEQYF', 'CASSYRTDSYEQYF', 'CASSHRTDSYEQYF', 'CASSLRTDSYEQYF', 'CASSRKTDSYEQYF', 'CASSRRTDSYEQYF', 'CASSFKSDSYEQYF', 'CASSFKTDSYEQYF', 'CASSRGTDAYEQYF', 'CASSRPTDSYEQYF', 'CASSLKTDAYEQYF', 'CASSLKTDSYEQYF', 'CASSLRTDSYEQYF', 'CASSRRTDNYEQYF', 'CASSLKTDSYEQYF', 'CASSLRTDSYEQYF', 'CASSLKTNSYEQYF', 'CASSMRTDSYEQYF', 'CASSFRTDSYEQYF', 'CASSLRTDSYEQYF', 'CASSFRTDSYEQYF', 'CASSHRTDSYEQYF', 'CASSLKTNSYEQYF', 'CASSLRTDSYEQYF', 'CASSRKTDSYEQYF', 'CASSRRTDSYEQYF', 'CASSRSTDSYEQYF', 'CASSFRTDSYEQYF', 'CASSLKTDSYEQYF', 'CASSLRTDSYEQYF', 'CASSRRTDSYEQYF', 'CASSWRTDSYEQYF', 'CASSLRTDSYEQYF']	[99140, 99415]	['CASSRKSVSYEQYF', 'CASSRTDSYEQYF']	['TRBV28*01', 'TRBV28*01']	['TRBJ2-7*01', 'TRBJ2-7*01']	(S.[RGKPS][ST][ND][ANLST]YEQ)	73	48	36.2839691979193	0.14829659318637275	0.0001879620748134408	437.13248398042913	926.1704507007936	19258.060503325592	34721.815609697165	[45, 47, 51, 52, 54, 59, 61, 63, 65, 128, 130, 131, 132, 158, 159, 170, 171, 217, 218, 222, 223, 241, 244, 254, 256, 263, 264, 290, 292, 293, 296, 297, 299, 300, 374, 377, 380, 386, 388, 478]	40	11	1
377	CASSLKTDSYEQYF	TRBV28*01	TRBJ2-7*01	2.146321677085148e-08	16	30	0	0.0	198357	0.0	0.0	467	0.06212424849699399	0.06212424849699399	5.041364394859825e-06	12322.90380761523	13139.098290598291	11554.82808164403	[53, 54, 55, 57, 59, 60, 129, 130, 131, 159, 169, 217, 218, 220, 221, 222, 241, 244, 254, 255, 256, 264, 293, 296, 297, 377, 378, 380, 381, 478]	['CASSLGTDSYEQYF', 'CASSLKSDSYEQYF', 'CASSLKTDQYEQYF', 'CASSLRTDAYEQYF', 'CASSLRTDSYEQYF', 'CASSLSTDSYEQYF', 'CASSLRSDSYEQYF', 'CASSLRTDSYEQYF', 'CASSRKTDSYEQYF', 'CASSFKTDSYEQYF', 'CASSLRTNSYEQYF', 'CASSLKTDAYEQYF', 'CASSLKTDSYEQYF', 'CASSLRSDSYEQYF', 'CASSLRTDNYEQYF', 'CASSLRTDSYEQYF', 'CASSLKTDSYEQYF', 'CASSLRTDSYEQYF', 'CASSLKTNSYEQYF', 'CASSLSTDSYEQYF', 'CASSMRTDSYEQYF', 'CASSLRTDSYEQYF', 'CASSLKTNSYEQYF', 'CASSLRTDSYEQYF', 'CASSRKTDSYEQYF', 'CASSLKTDSYEQYF', 'CASSLRSDSYEQYF', 'CASSLRTDSYEQYF', 'CASSLRTNSYEQYF', 'CASSLRTDSYEQYF']	[]	[]	[]	[]	(S[RLMF][RGKS][ST][ND][ANQS]YEQ)	62	9	7.164671930006633	0.12625250501002006	4.1161086363646894e-05	1509.2956475478638	3510.3413933088336	21812.19729276836	33367.025374412384	[53, 54, 55, 57, 59, 60, 129, 130, 131, 159, 169, 217, 218, 220, 221, 222, 241, 244, 254, 255, 256, 264, 293, 296, 297, 377, 378, 380, 381, 478]	30	11	1
168	CASSLRTDHYEQYF	TRBV28*01	TRBJ2-7*01	5.266236216793994e-09	22	26	2	0.164671930006633	198357	1.0082830452164532e-05	8.301795752437926e-07	471	0.05410821643286573	0.05410821643286573	5.8715355996281136e-06	9215.343331358292	9742.435004974122	9909.749092592672	[55, 57, 58, 59, 129, 130, 168, 169, 217, 218, 220, 221, 222, 223, 239, 241, 243, 244, 256, 264, 296, 377, 378, 380, 381, 478]	['CASSLKTDQYEQYF', 'CASSLRTDAYEQYF', 'CASSLRTDDYEQYF', 'CASSLRTDSYEQYF', 'CASSLRSDSYEQYF', 'CASSLRTDSYEQYF', 'CASSLRTDHYEQYF', 'CASSLRTNSYEQYF', 'CASSLKTDAYEQYF', 'CASSLKTDSYEQYF', 'CASSLRSDSYEQYF', 'CASSLRTDNYEQYF', 'CASSLRTDSYEQYF', 'CASSRRTDNYEQYF', 'CASSFRSDHYEQYF', 'CASSLKTDSYEQYF', 'CASSLRTDHYEQYF', 'CASSLRTDSYEQYF', 'CASSMRTDSYEQYF', 'CASSLRTDSYEQYF', 'CASSLRTDSYEQYF', 'CASSLKTDSYEQYF', 'CASSLRSDSYEQYF', 'CASSLRTDSYEQYF', 'CASSLRTNSYEQYF', 'CASSLRTDSYEQYF']	[95886, 95887]	['CASSLRTDRFEQYF', 'CASSLRTELYEQYF']	['TRBV28*01', 'TRBV28*01']	['TRBJ2-7*01', 'TRBJ2-7*01']	(S[RLMF][RK][ST][ND].YEQ)	61	4	4.0	0.12424849699398798	2.5206821974299124e-05	2146.5703406813627	5628.351487414187	22437.66752952764	32347.416622120323	[55, 57, 58, 59, 129, 130, 168, 169, 217, 218, 220, 221, 222, 223, 239, 241, 243, 244, 256, 264, 296, 377, 378, 380, 381, 478]	26	10	1
213	CASGIKTDSYEQYF	TRBV28*01	TRBJ2-7*01	4.529754996919289e-11	28	23	1	0.0823359650033165	198357	5.041415226082266e-06	4.150897876218964e-07	474	0.04809619238476954	0.04809619238476954	5.456449997243969e-06	8814.557525325574	9259.874116078869	8750.376713938744	[40, 41, 54, 59, 130, 131, 159, 172, 213, 217, 218, 222, 241, 244, 254, 256, 264, 293, 296, 297, 377, 380, 478]	['CASGGRTDAYEQYF', 'CASGHQTDSYEQYF', 'CASSLKSDSYEQYF', 'CASSLRTDSYEQYF', 'CASSLRTDSYEQYF', 'CASSRKTDSYEQYF', 'CASSFKTDSYEQYF', 'CASSVATDSYEQYF', 'CASGIKTDSYEQYF', 'CASSLKTDAYEQYF', 'CASSLKTDSYEQYF', 'CASSLRTDSYEQYF', 'CASSLKTDSYEQYF', 'CASSLRTDSYEQYF', 'CASSLKTNSYEQYF', 'CASSMRTDSYEQYF', 'CASSLRTDSYEQYF', 'CASSLKTNSYEQYF', 'CASSLRTDSYEQYF', 'CASSRKTDSYEQYF', 'CASSLKTDSYEQYF', 'CASSLRTDSYEQYF', 'CASSLRTDSYEQYF']	[92128]	['CASSIKDSYEQYF']	['TRBV28*01']	['TRBJ2-7*01']	([GS].[ARQK][ST][ND][AS]YEQ)	62	19	13.689358256229243	0.12625250501002006	7.405440769629432e-05	649.4710292197269	1951.061615594472	19970.47391143336	28720.850625372106	[40, 41, 54, 59, 130, 131, 159, 172, 213, 217, 218, 222, 241, 244, 254, 256, 264, 293, 296, 297, 377, 380, 478]	23	11	1
45	CASSEKTDTYEQYF	TRBV28*01	TRBJ2-7*01	1.2404678261483433e-09	28	35	2	0.164671930006633	198357	1.0082830452164532e-05	8.301795752437926e-07	462	0.07214428857715431	0.07214428857715431	5.8715355996281136e-06	12287.124441811053	13242.417054997222	13478.96272159874	[45, 47, 51, 52, 55, 59, 61, 63, 65, 128, 130, 131, 132, 159, 217, 218, 222, 241, 244, 256, 263, 264, 290, 292, 296, 297, 299, 334, 374, 375, 377, 380, 386, 388, 478]	['CASSEKTDTYEQYF', 'CASSFKTDTYEQYF', 'CASSFRTDSYEQYF', 'CASSHRTDSYEQYF', 'CASSLKTDQYEQYF', 'CASSLRTDSYEQYF', 'CASSRKTDLYEQYF', 'CASSRRTDSYEQYF', 'CASSYRTDSYEQYF', 'CASSHRTDSYEQYF', 'CASSLRTDSYEQYF', 'CASSRKTDSYEQYF', 'CASSRRTDSYEQYF', 'CASSFKTDSYEQYF', 'CASSLKTDAYEQYF', 'CASSLKTDSYEQYF', 'CASSLRTDSYEQYF', 'CASSLKTDSYEQYF', 'CASSLRTDSYEQYF', 'CASSMRTDSYEQYF', 'CASSFRTDSYEQYF', 'CASSLRTDSYEQYF', 'CASSFRTDSYEQYF', 'CASSHRTDSYEQYF', 'CASSLRTDSYEQYF', 'CASSRKTDSYEQYF', 'CASSRRTDSYEQYF', 'CASSFRTDTYEQYF', 'CASSFRTDSYEQYF', 'CASSHRTDTYEQYF', 'CASSLKTDSYEQYF', 'CASSLRTDSYEQYF', 'CASSRRTDSYEQYF', 'CASSWRTDSYEQYF', 'CASSLRTDSYEQYF']	[90004, 92316]	['CASSFKTLTYEQYF', 'CASSKGTETYEQYF']	['TRBV28*01', 'TRBV28*01']	['TRBJ2-7*01', 'TRBJ2-7*01']	(S.[RK]TD[AQLST]YEQ)	44	7	6.082335965003318	0.09018036072144288	3.5704636366402914e-05	2020.5860056045856	2775.9813237794283	15105.05464226998	28584.01736386872	[45, 47, 51, 52, 55, 59, 61, 63, 65, 128, 130, 131, 132, 159, 217, 218, 222, 241, 244, 256, 263, 264, 290, 292, 296, 297, 299, 334, 374, 375, 377, 380, 386, 388, 478]	35	11	1
223	CASSRRTDNYEQYF	TRBV28*01	TRBJ2-7*01	2.501018929901789e-09	22	32	2	0.164671930006633	198357	1.0082830452164532e-05	8.301795752437926e-07	465	0.06613226452905811	0.06613226452905811	5.8715355996281136e-06	11263.197404993465	12060.734989467252	12288.631594737395	[51, 52, 58, 59, 61, 63, 65, 128, 130, 131, 132, 168, 171, 221, 222, 223, 243, 244, 256, 263, 264, 290, 292, 296, 297, 299, 300, 374, 380, 386, 388, 478]	['CASSFRTDSYEQYF', 'CASSHRTDSYEQYF', 'CASSLRTDDYEQYF', 'CASSLRTDSYEQYF', 'CASSRKTDLYEQYF', 'CASSRRTDSYEQYF', 'CASSYRTDSYEQYF', 'CASSHRTDSYEQYF', 'CASSLRTDSYEQYF', 'CASSRKTDSYEQYF', 'CASSRRTDSYEQYF', 'CASSLRTDHYEQYF', 'CASSRPTDSYEQYF', 'CASSLRTDNYEQYF', 'CASSLRTDSYEQYF', 'CASSRRTDNYEQYF', 'CASSLRTDHYEQYF', 'CASSLRTDSYEQYF', 'CASSMRTDSYEQYF', 'CASSFRTDSYEQYF', 'CASSLRTDSYEQYF', 'CASSFRTDSYEQYF', 'CASSHRTDSYEQYF', 'CASSLRTDSYEQYF', 'CASSRKTDSYEQYF', 'CASSRRTDSYEQYF', 'CASSRSTDSYEQYF', 'CASSFRTDSYEQYF', 'CASSLRTDSYEQYF', 'CASSRRTDSYEQYF', 'CASSWRTDSYEQYF', 'CASSLRTDSYEQYF']	[99300, 99415]	['CASSRRDHYEQYF', 'CASSRTDSYEQYF']	['TRBV28*01', 'TRBV28*01']	['TRBJ2-7*01', 'TRBJ2-7*01']	(S.[RKPS]TD[NDHLS]YEQ)	44	11	9.164671930006632	0.09018036072144288	5.124381515336654e-05	1290.5413917978635	1934.162458471568	14256.30640262514	26544.937997362533	[51, 52, 58, 59, 61, 63, 65, 128, 130, 131, 132, 168, 171, 221, 222, 223, 243, 244, 256, 263, 264, 290, 292, 296, 297, 299, 300, 374, 380, 386, 388, 478]	32	10	1
253	CASSFRSNSYEQYF	TRBV28*01	TRBJ2-7*01	7.757603167979552e-09	20	17	2	0.164671930006633	198357	1.0082830452164532e-05	8.301795752437926e-07	480	0.03607214428857716	0.03607214428857716	5.8715355996281136e-06	6143.562220905526	6373.429414203446	6349.800091193031	[49, 50, 51, 158, 216, 242, 253, 263, 286, 287, 288, 290, 291, 295, 374, 379, 477]	['CASSFRSDSYEQYF', 'CASSFRSNAYEQYF', 'CASSFRTDSYEQYF', 'CASSFKSDSYEQYF', 'CASSLKSNSYEQYF', 'CASSLRSNSYEQYF', 'CASSFRSNSYEQYF', 'CASSFRTDSYEQYF', 'CASSFRQNSYEQYF', 'CASSFRSDAYEQYF', 'CASSFRSDSYEQYF', 'CASSFRTDSYEQYF', 'CASSFSSNSYEQYF', 'CASSLRSNSYEQYF', 'CASSFRTDSYEQYF', 'CASSLRSNSYEQYF', 'CASSLRSNSYEQYF']	[90856, 90864]	['CASSFRSGSYEQYF', 'CASSFRSSSYEQYF']	['TRBV28*01', 'TRBV28*01']	['TRBJ2-7*01', 'TRBJ2-7*01']	(S[LF][RKS][QST][ND][AS]YEQ)	45	3	3.0	0.09218436873747493	2.01654575794393e-05	1788.808617234469	5035.5022075055185	16454.975230701893	22804.775321894926	[49, 50, 51, 158, 216, 242, 253, 263, 286, 287, 288, 290, 291, 295, 374, 379, 477]	17	9	1
239	CASSFRSDHYEQYF	TRBV28*01	TRBJ2-7*01	6.784723369145204e-10	22	15	0	0.0	198357	0.0	0.0	482	0.032064128256513016	0.032064128256513016	5.041364394859825e-06	6360.208416833667	6570.8654244306435	5615.539483728427	[49, 50, 51, 158, 168, 239, 243, 253, 263, 287, 288, 289, 290, 334, 374]	['CASSFRSDSYEQYF', 'CASSFRSNAYEQYF', 'CASSFRTDSYEQYF', 'CASSFKSDSYEQYF', 'CASSLRTDHYEQYF', 'CASSFRSDHYEQYF', 'CASSLRTDHYEQYF', 'CASSFRSNSYEQYF', 'CASSFRTDSYEQYF', 'CASSFRSDAYEQYF', 'CASSFRSDSYEQYF', 'CASSFRTDQYEQYF', 'CASSFRTDSYEQYF', 'CASSFRTDTYEQYF', 'CASSFRTDSYEQYF']	[]	[]	[]	[]	(S[LF][RK][ST][ND][AQHST]YEQ)	46	2	2.0	0.094188376753507	1.5124093184579474e-05	2120.069472277889	6875.171091445427	17188.263170900194	22803.802654628616	[49, 50, 51, 158, 168, 239, 243, 253, 263, 287, 288, 289, 290, 334, 374]	15	9	1
47	CASSFKTDTYEQYF	TRBV28*01	TRBJ2-7*01	1.206816858874608e-09	22	17	2	0.164671930006633	198357	1.0082830452164532e-05	8.301795752437926e-07	480	0.03607214428857716	0.03607214428857716	5.8715355996281136e-06	6143.562220905526	6373.429414203446	6349.800091193031	[45, 47, 51, 65, 131, 158, 159, 218, 241, 263, 289, 290, 297, 334, 374, 375, 377]	['CASSEKTDTYEQYF', 'CASSFKTDTYEQYF', 'CASSFRTDSYEQYF', 'CASSYRTDSYEQYF', 'CASSRKTDSYEQYF', 'CASSFKSDSYEQYF', 'CASSFKTDSYEQYF', 'CASSLKTDSYEQYF', 'CASSLKTDSYEQYF', 'CASSFRTDSYEQYF', 'CASSFRTDQYEQYF', 'CASSFRTDSYEQYF', 'CASSRKTDSYEQYF', 'CASSFRTDTYEQYF', 'CASSFRTDSYEQYF', 'CASSHRTDTYEQYF', 'CASSLKTDSYEQYF']	[90004, 90005]	['CASSFKTLTYEQYF', 'CASSFKTSYEQYF']	['TRBV28*01', 'TRBV28*01']	['TRBJ2-7*01', 'TRBJ2-7*01']	(S.[RK][ST]D[QST]YEQ)	48	9	6.882888668903742	0.09819639278557114	3.974051426405529e-05	907.691934958272	2739.8880866252725	16428.567305120636	22778.367396313668	[45, 47, 51, 65, 131, 158, 159, 218, 241, 263, 289, 290, 297, 334, 374, 375, 377]	17	9	1
159	CASSFKTDSYEQYF	TRBV28*01	TRBJ2-7*01	5.827250389698676e-09	16	18	1	0.0823359650033165	198357	5.041415226082266e-06	4.150897876218964e-07	479	0.03807615230460922	0.03807615230460922	5.456449997243969e-06	6978.191374216081	7254.371866112133	6772.32111294124	[42, 47, 49, 51, 65, 131, 158, 159, 218, 241, 263, 288, 290, 297, 334, 374, 377, 388]	['CASNFRTDSYEQYF', 'CASSFKTDTYEQYF', 'CASSFRSDSYEQYF', 'CASSFRTDSYEQYF', 'CASSYRTDSYEQYF', 'CASSRKTDSYEQYF', 'CASSFKSDSYEQYF', 'CASSFKTDSYEQYF', 'CASSLKTDSYEQYF', 'CASSLKTDSYEQYF', 'CASSFRTDSYEQYF', 'CASSFRSDSYEQYF', 'CASSFRTDSYEQYF', 'CASSRKTDSYEQYF', 'CASSFRTDTYEQYF', 'CASSFRTDSYEQYF', 'CASSLKTDSYEQYF', 'CASSWRTDSYEQYF']	[90005]	['CASSFKTSYEQYF']	['TRBV28*01']	['TRBJ2-7*01']	([NS][RLFWY][RK][ST]D[ST]YEQ)	38	2	2.0	0.0781563126252505	1.5124093184579474e-05	2517.582498329993	5605.71304347826	14025.443535784356	20797.764648725595	[42, 47, 49, 51, 65, 131, 158, 159, 218, 241, 263, 288, 290, 297, 334, 374, 377, 388]	18	9	1
217	CASSLKTDAYEQYF	TRBV28*01	TRBJ2-7*01	4.69175544945079e-09	20	21	2	0.164671930006633	198357	1.0082830452164532e-05	8.301795752437926e-07	476	0.04408817635270541	0.04408817635270541	5.8715355996281136e-06	7508.798269995645	7855.069888318292	7930.188775853291	[54, 55, 57, 58, 59, 130, 168, 217, 218, 221, 222, 241, 243, 244, 254, 264, 293, 296, 377, 380, 478]	['CASSLKSDSYEQYF', 'CASSLKTDQYEQYF', 'CASSLRTDAYEQYF', 'CASSLRTDDYEQYF', 'CASSLRTDSYEQYF', 'CASSLRTDSYEQYF', 'CASSLRTDHYEQYF', 'CASSLKTDAYEQYF', 'CASSLKTDSYEQYF', 'CASSLRTDNYEQYF', 'CASSLRTDSYEQYF', 'CASSLKTDSYEQYF', 'CASSLRTDHYEQYF', 'CASSLRTDSYEQYF', 'CASSLKTNSYEQYF', 'CASSLRTDSYEQYF', 'CASSLKTNSYEQYF', 'CASSLRTDSYEQYF', 'CASSLKTDSYEQYF', 'CASSLRTDSYEQYF', 'CASSLRTDSYEQYF']	[95924, 96551]	['CASSLRTYAYEQYF', 'CASSLTEAYEQYF']	['TRBV28*01', 'TRBV28*01']	['TRBJ2-7*01', 'TRBJ2-7*01']	(SL[RK][ST][ND].YEQ)	33	2	2.0	0.06813627254509018	1.5124093184579474e-05	2915.0955243820977	4834.483154121864	12052.905411721033	19983.094187574323	[54, 55, 57, 58, 59, 130, 168, 217, 218, 221, 222, 241, 243, 244, 254, 264, 293, 296, 377, 380, 478]	21	10	1
382	CASSLSSNSYEQYF	TRBV28*01	TRBJ2-7*01	1.786854144210286e-08	20	11	2	0.164671930006633	198357	1.0082830452164532e-05	8.301795752437926e-07	486	0.02404809619238477	0.02404809619238477	5.8715355996281136e-06	4095.7081472703508	4196.604446587074	3990.7029560771443	[56, 60, 216, 242, 255, 291, 294, 295, 379, 382, 477]	['CASSLNSNSYEQYF', 'CASSLSTDSYEQYF', 'CASSLKSNSYEQYF', 'CASSLRSNSYEQYF', 'CASSLSTDSYEQYF', 'CASSFSSNSYEQYF', 'CASSLNSNSYEQYF', 'CASSLRSNSYEQYF', 'CASSLRSNSYEQYF', 'CASSLSSNSYEQYF', 'CASSLRSNSYEQYF']	[96389, 96419]	['CASSLSSASYEQYF', 'CASSLSSNSSYEQYF']	['TRBV28*01', 'TRBV28*01']	['TRBJ2-7*01', 'TRBJ2-7*01']	(S[LF][RNKS][ST][ND]SYEQ)	41	2	2.0	0.0841683366733467	1.5124093184579474e-05	1590.052104208417	6076.551422319475	15210.694058879644	19201.39701495679	[56, 60, 216, 242, 255, 291, 294, 295, 379, 382, 477]	11	7	1
158	CASSFKSDSYEQYF	TRBV28*01	TRBJ2-7*01	3.0700241127179505e-09	16	11	1	0.0823359650033165	198357	5.041415226082266e-06	4.150897876218964e-07	486	0.02404809619238477	0.02404809619238477	5.456449997243969e-06	4407.278762662787	4515.852366670905	4015.962191525717	[49, 51, 54, 158, 159, 253, 263, 287, 288, 290, 374]	['CASSFRSDSYEQYF', 'CASSFRTDSYEQYF', 'CASSLKSDSYEQYF', 'CASSFKSDSYEQYF', 'CASSFKTDSYEQYF', 'CASSFRSNSYEQYF', 'CASSFRTDSYEQYF', 'CASSFRSDAYEQYF', 'CASSFRSDSYEQYF', 'CASSFRTDSYEQYF', 'CASSFRTDSYEQYF']	[90933]	['CASSFSDSYEQYF']	['TRBV28*01']	['TRBJ2-7*01']	(S[LF][RK][ST][ND][AS]YEQ)	39	2	2.0	0.08016032064128256	1.5124093184579474e-05	1590.052104208417	5761.975308641976	14420.402603395503	18436.364794921217	[49, 51, 54, 158, 159, 253, 263, 287, 288, 290, 374]	11	6	1
55	CASSLKTDQYEQYF	TRBV28*01	TRBJ2-7*01	4.09986204474132e-10	20	19	1	0.0823359650033165	198357	5.041415226082266e-06	4.150897876218964e-07	478	0.04008016032064128	0.04008016032064128	5.456449997243969e-06	7345.464604437979	7652.122834268374	7167.547452701921	[55, 57, 58, 59, 130, 168, 217, 218, 221, 222, 241, 243, 244, 264, 289, 296, 377, 380, 478]	['CASSLKTDQYEQYF', 'CASSLRTDAYEQYF', 'CASSLRTDDYEQYF', 'CASSLRTDSYEQYF', 'CASSLRTDSYEQYF', 'CASSLRTDHYEQYF', 'CASSLKTDAYEQYF', 'CASSLKTDSYEQYF', 'CASSLRTDNYEQYF', 'CASSLRTDSYEQYF', 'CASSLKTDSYEQYF', 'CASSLRTDHYEQYF', 'CASSLRTDSYEQYF', 'CASSLRTDSYEQYF', 'CASSFRTDQYEQYF', 'CASSLRTDSYEQYF', 'CASSLKTDSYEQYF', 'CASSLRTDSYEQYF', 'CASSLRTDSYEQYF']	[95886]	['CASSLRTDRFEQYF']	['TRBV28*01']	['TRBJ2-7*01']	(S[LF][RK]TD.YEQ)	28	2	2.0	0.05811623246492986	1.5124093184579474e-05	2650.086840347361	4079.6624113475177	10085.388123631445	17252.935576333366	[55, 57, 58, 59, 130, 168, 217, 218, 221, 222, 241, 243, 244, 264, 289, 296, 377, 380, 478]	19	9	1
216	CASSLKSNSYEQYF	TRBV28*01	TRBJ2-7*01	4.608112375807191e-09	16	16	1	0.0823359650033165	198357	5.041415226082266e-06	4.150897876218964e-07	481	0.03406813627254509	0.03406813627254509	5.456449997243969e-06	6243.644913772281	6463.821186664665	5982.664392359203	[54, 56, 129, 169, 216, 220, 242, 254, 293, 294, 295, 378, 379, 381, 382, 477]	['CASSLKSDSYEQYF', 'CASSLNSNSYEQYF', 'CASSLRSDSYEQYF', 'CASSLRTNSYEQYF', 'CASSLKSNSYEQYF', 'CASSLRSDSYEQYF', 'CASSLRSNSYEQYF', 'CASSLKTNSYEQYF', 'CASSLKTNSYEQYF', 'CASSLNSNSYEQYF', 'CASSLRSNSYEQYF', 'CASSLRSDSYEQYF', 'CASSLRSNSYEQYF', 'CASSLRTNSYEQYF', 'CASSLSSNSYEQYF', 'CASSLRSNSYEQYF']	[94440]	['CASSLKNSYEQYF']	['TRBV28*01']	['TRBJ2-7*01']	(SL[RNKS][ST][ND]SYEQ)	31	2	2.0	0.06412825651302605	1.5124093184579474e-05	2252.573814295257	4530.615274803712	11265.177896557405	17247.84228891661	[54, 56, 129, 169, 216, 220, 242, 254, 293, 294, 295, 378, 379, 381, 382, 477]	16	9	1
293	CASSLKTNSYEQYF	TRBV28*01	TRBJ2-7*01	7.171563224095867e-09	16	20	2	0.164671930006633	198357	1.0082830452164532e-05	8.301795752437926e-07	477	0.04208416833667335	0.04208416833667335	5.8715355996281136e-06	7167.489257723114	7482.3350200917	7534.748067343789	[59, 130, 169, 216, 218, 222, 241, 242, 244, 254, 264, 293, 295, 296, 377, 379, 380, 381, 477, 478]	['CASSLRTDSYEQYF', 'CASSLRTDSYEQYF', 'CASSLRTNSYEQYF', 'CASSLKSNSYEQYF', 'CASSLKTDSYEQYF', 'CASSLRTDSYEQYF', 'CASSLKTDSYEQYF', 'CASSLRSNSYEQYF', 'CASSLRTDSYEQYF', 'CASSLKTNSYEQYF', 'CASSLRTDSYEQYF', 'CASSLKTNSYEQYF', 'CASSLRSNSYEQYF', 'CASSLRTDSYEQYF', 'CASSLKTDSYEQYF', 'CASSLRSNSYEQYF', 'CASSLRTDSYEQYF', 'CASSLRTNSYEQYF', 'CASSLRSNSYEQYF', 'CASSLRTDSYEQYF']	[94440, 97267]	['CASSLKNSYEQYF', 'CASSLWTNSYEQYF']	['TRBV28*01', 'TRBV28*01']	['TRBJ2-7*01', 'TRBJ2-7*01']	(SL[RK][ST][ND]SYEQ)	26	2	2.0	0.05410821643286573	1.5124093184579474e-05	2782.591182364729	3782.2118644067796	9300.338174267714	16835.086241611498	[59, 130, 169, 216, 218, 222, 241, 242, 244, 254, 264, 293, 295, 296, 377, 379, 380, 381, 477, 478]	20	10	1
172	CASSVATDSYEQYF	TRBV28*01	TRBJ2-7*01	1.2246087521163268e-08	22	17	2	0.164671930006633	198357	1.0082830452164532e-05	8.301795752437926e-07	480	0.03607214428857716	0.03607214428857716	5.8715355996281136e-06	6143.562220905526	6373.429414203446	6349.800091193031	[53, 59, 60, 130, 172, 218, 222, 241, 244, 255, 256, 264, 296, 300, 377, 380, 478]	['CASSLGTDSYEQYF', 'CASSLRTDSYEQYF', 'CASSLSTDSYEQYF', 'CASSLRTDSYEQYF', 'CASSVATDSYEQYF', 'CASSLKTDSYEQYF', 'CASSLRTDSYEQYF', 'CASSLKTDSYEQYF', 'CASSLRTDSYEQYF', 'CASSLSTDSYEQYF', 'CASSMRTDSYEQYF', 'CASSLRTDSYEQYF', 'CASSLRTDSYEQYF', 'CASSRSTDSYEQYF', 'CASSLKTDSYEQYF', 'CASSLRTDSYEQYF', 'CASSLRTDSYEQYF']	[92463, 92648]	['CASSLADDSYEQYF', 'CASSLAVDSYEQYF']	['TRBV28*01', 'TRBV28*01']	['TRBJ2-7*01', 'TRBJ2-7*01']	(S[RLMV][ARGKS]TDSYEQ)	29	3	3.0	0.06012024048096193	2.01654575794393e-05	1788.808617234469	3171.988272921109	10168.510981877249	16518.311073070283	[53, 59, 60, 130, 172, 218, 222, 241, 244, 255, 256, 264, 296, 300, 377, 380, 478]	17	10	1
129	CASSLRSDSYEQYF	TRBV28*01	TRBJ2-7*01	3.6231352465665166e-08	10	16	0	0.0	198357	0.0	0.0	481	0.03406813627254509	0.03406813627254509	5.041364394859825e-06	6757.7214428857715	6996.029045643154	6010.178855958496	[54, 59, 129, 130, 220, 222, 242, 244, 264, 295, 296, 378, 379, 380, 477, 478]	['CASSLKSDSYEQYF', 'CASSLRTDSYEQYF', 'CASSLRSDSYEQYF', 'CASSLRTDSYEQYF', 'CASSLRSDSYEQYF', 'CASSLRTDSYEQYF', 'CASSLRSNSYEQYF', 'CASSLRTDSYEQYF', 'CASSLRTDSYEQYF', 'CASSLRSNSYEQYF', 'CASSLRTDSYEQYF', 'CASSLRSDSYEQYF', 'CASSLRSNSYEQYF', 'CASSLRTDSYEQYF', 'CASSLRSNSYEQYF', 'CASSLRTDSYEQYF']	[]	[]	[]	[]	(SL[RK][ST][ND]SYEQ)	26	2	2.0	0.05410821643286573	1.5124093184579474e-05	2252.573814295257	3782.2118644067796	9300.338174267714	15310.517030226209	[54, 59, 129, 130, 220, 222, 242, 244, 264, 295, 296, 378, 379, 380, 477, 478]	16	8	1
300	CASSRSTDSYEQYF	TRBV28*01	TRBJ2-7*01	9.936488568633709e-09	20	10	1	0.0823359650033165	198357	5.041415226082266e-06	4.150897876218964e-07	487	0.02204408817635271	0.02204408817635271	5.456449997243969e-06	4040.005532440889	4131.048689934433	3624.733613681992	[60, 63, 131, 132, 171, 255, 297, 299, 300, 386]	['CASSLSTDSYEQYF', 'CASSRRTDSYEQYF', 'CASSRKTDSYEQYF', 'CASSRRTDSYEQYF', 'CASSRPTDSYEQYF', 'CASSLSTDSYEQYF', 'CASSRKTDSYEQYF', 'CASSRRTDSYEQYF', 'CASSRSTDSYEQYF', 'CASSRRTDSYEQYF']	[99415]	['CASSRTDSYEQYF']	['TRBV28*01']	['TRBJ2-7*01']	(S[RL][RKPS]TDSYEQ)	25	2	2.0	0.052104208416833664	1.5124093184579474e-05	1457.5477621910488	3634.429880197322	8908.346576792674	12533.080190474668	[60, 63, 131, 132, 171, 255, 297, 299, 300, 386]	10	6	1
54	CASSLKSDSYEQYF	TRBV28*01	TRBJ2-7*01	1.2053828887406076e-08	10	8	0	0.0	198357	0.0	0.0	489	0.018036072144288574	0.018036072144288574	5.041364394859825e-06	3577.617234468938	3643.3102040816334	2869.6264845531737	[54, 129, 216, 218, 220, 241, 377, 378]	['CASSLKSDSYEQYF', 'CASSLRSDSYEQYF', 'CASSLKSNSYEQYF', 'CASSLKTDSYEQYF', 'CASSLRSDSYEQYF', 'CASSLKTDSYEQYF', 'CASSLKTDSYEQYF', 'CASSLRSDSYEQYF']	[]	[]	[]	[]	(SL[RK][ST][ND]SYEQ)	26	2	2.0	0.05410821643286573	1.5124093184579474e-05	1192.5390781563126	3782.2118644067796	9300.338174267714	12169.964658820889	[54, 129, 216, 218, 220, 241, 377, 378]	8	5	1
97	CASSPGQGAFTDTQYF	TRBV5-5*01	TRBJ2-3*01	5.6843435391768216e-09	22	16	0	0.0	198357	0.0	0.0	481	0.03406813627254509	0.03406813627254509	5.041364394859825e-06	6757.7214428857715	6996.029045643154	6010.178855958496	[93, 94, 95, 96, 97, 99, 100, 145, 156, 174, 175, 231, 351, 352, 353, 354]	['CASSAGQGAFTDTQYF', 'CASSFGQGAFSDTQYF', 'CASSLGEGAFTDTQYF', 'CASSLGQGAFTDTQYF', 'CASSPGQGAFTDTQYF', 'CASSSGQGAFTDTQYF', 'CASSYGQGSFTDTQYF', 'CASSFGQGAFTDTQYF', 'CASSAGQGAFTDTQYF', 'CASSLGQGAFTDTQYF', 'CASSLGQGSFTDTQYF', 'CASSLGQGAFTDTQYF', 'CASSFGQGAFTDTQYF', 'CASSIGQGAFTDTQYF', 'CASSLGQGAFTDTQYF', 'CASSSGQGAFTDTQYF']	[]	[]	[]	[]	(S.G[QE]G[AS]F[ST]DTQ)	16	1	1.0	0.03406813627254509	1.008272878971965e-05	3378.8607214428857	3497.996887966805	5692.1458101011585	11702.32466605965	[93, 94, 95, 96, 97, 99, 100, 145, 156, 174, 175, 231, 351, 352, 353, 354]	16	6	1
15	CASSILLAGGPGDTQYF	TRBV19*01	TRBJ2-3*01	1.6226858598702223e-10	34	14	0	0.0	198357	0.0	0.0	483	0.030060120240480964	0.030060120240480964	5.041364394859825e-06	5962.695390781562	6147.4586776859505	5221.271312206633	[15, 16, 18, 19, 20, 123, 202, 203, 278, 322, 323, 324, 469, 470]	['CASSILLAGGPGDTQYF', 'CASSILLSGGPSDTQYF', 'CASSLILAGGPTDTQYF', 'CASSMILAGGPEDTQYF', 'CASSMILAGGPTDTQYF', 'CASSITLAGGPGNEQFF', 'CASSVILAGGPGDTQYF', 'CASSTILAGGPGDIQYF', 'CASSILLAGGPGDTQYF', 'CASSIILAGGPGDTQYF', 'CASSILLAGGPGDTQYF', 'CASSITLAGGPGDTQYF', 'CASSILLAGGPGDTQYF', 'CASSMILAGGPGDTQYF']	[]	[]	[]	[]	(S[ILMTV][ILT]L[AS]GGP[EGST][ND][EIT]Q)	14	0	0.0	0.030060120240480964	5.041364394859825e-06	5962.695390781562	6147.4586776859505	5221.271312206633	10442.542624413269	[15, 16, 18, 19, 20, 123, 202, 203, 278, 322, 323, 324, 469, 470]	14	6	1
173	CASSQEGGRAYEQYF	TRBV4-2*01	TRBJ2-7*01	4.953433070210827e-08	16	10	1	0.1147577901740744	198357	5.041415226082266e-06	5.785416706951324e-07	487	0.02204408817635271	0.02204408817635271	5.619900232276198e-06	3922.5052519169562	4010.8998375134443	3614.977415516233	[82, 83, 173, 228, 268, 301, 302, 394, 395, 487]	['CASSQEGGRAYEQYF', 'CASSQEGGRSYEQYF', 'CASSQEGGRAYEQYF', 'CASSQEGGRGYEQYF', 'CASSQEGGRAYEQYF', 'CASSQEGGRAYEQYF', 'CASSQEGSRAYEQYF', 'CASSQEGGVAYEQYF', 'CASSQEGSRAYEQYF', 'CASSQEGGRAYEQYF']	[134054]	['CASSQEGGGAYEQYF']	['TRBV4-2*01']	['TRBJ2-7*01']	(SQEG[GS][RV][AGS]YEQ)	10	0	0.0	0.02204408817635271	5.041364394859825e-06	4372.643286573147	4471.184426229508	3649.7466409188232	7264.724056435056	[82, 83, 173, 228, 268, 301, 302, 394, 395, 487]	10	7	1
383	CASSQHSNSYEQYF	TRBV28*01	TRBJ2-7*01	1.4066926937538933e-09	22	8	0	0.0	198357	0.0	0.0	489	0.018036072144288574	0.018036072144288574	5.041364394859825e-06	3577.617234468938	3643.3102040816334	2869.6264845531737	[46, 56, 142, 294, 376, 383, 384, 387]	['CASSFHTNSYEQYF', 'CASSLNSNSYEQYF', 'CASSEHSNSYEQYF', 'CASSLNSNSYEQYF', 'CASSLHSDSYEQYF', 'CASSQHSNSYEQYF', 'CASSRDSNSYEQYF', 'CASSRTSNSYEQYF']	[]	[]	[]	[]	(S[RQELF][NDHT][ST][ND]SYEQ)	9	0	0.0	0.02004008016032064	5.041364394859825e-06	3577.617234468938	4056.4008179959114	3259.0035710545585	6128.630055607733	[46, 56, 142, 294, 376, 383, 384, 387]	8	4	1
41	CASGHQTDSYEQYF	TRBV28*01	TRBJ2-7*01	3.1224369454254504e-11	32	8	1	0.0823359650033165	198357	5.041415226082266e-06	4.150897876218964e-07	489	0.018036072144288574	0.018036072144288574	5.456449997243969e-06	3305.4590719970906	3366.1532182174456	2846.0544940524987	[40, 41, 52, 65, 128, 213, 292, 375]	['CASGGRTDAYEQYF', 'CASGHQTDSYEQYF', 'CASSHRTDSYEQYF', 'CASSYRTDSYEQYF', 'CASSHRTDSYEQYF', 'CASGIKTDSYEQYF', 'CASSHRTDSYEQYF', 'CASSHRTDTYEQYF']	[82968]	['CARGGQGDSYEQYF']	['TRBV28*01']	['TRBJ2-7*01']	([GS][GHIY][RQK]TD[AST]YEQ)	9	2	1.2344307349694104	0.02004008016032064	1.1264579550055256e-05	1601.1314105549645	1815.3955325310776	2928.278407973919	5774.332902026417	[40, 41, 52, 65, 128, 213, 292, 375]	8	5	1
120	CASTLLGNQPQHF	TRBV7-8*01	TRBJ1-5*01	1.5634989511420683e-08	22	10	5	0.12970766102680445	198357	2.5207076130411333e-05	6.539101772400492e-07	487	0.02204408817635271	0.02204408817635271	5.695267978900904e-06	3870.5971796268072	3957.821706216756	3610.4963514369	[116, 117, 118, 119, 120, 179, 360, 402, 493, 494]	['CASSFLGNQPQHF', 'CASSLIGNQPQHF', 'CASSLVGNQPQHF', 'CASSYLGNQPQHF', 'CASTLLGNQPQHF', 'CASSLVGNQPQHF', 'CASTLAGNQPQHF', 'CASSLVGNQPQHF', 'CASSLDGNQPQHF', 'CASSLVGNQPQHF']	[186037, 186771, 186834, 187007, 187639]	['CASSFLGNQPQHF', 'CASSLLVNQPQHF', 'CASSLRGNQPQHF', 'CASSLYGNQPQHF', 'CASTGIGNQPQHF']	['TRBV7-8*01', 'TRBV7-8*01', 'TRBV7-8*01', 'TRBV7-8*01', 'TRBV7-8*01']	['TRBJ1-5*01', 'TRBJ1-5*01', 'TRBJ1-5*01', 'TRBJ1-5*01', 'TRBJ1-5*01']	([ST][LFY][ADILV]GNQPQ)	10	12	8.185469069160918	0.02204408817635271	4.630729671535407e-05	476.0391933879303	486.7470440585598	2161.3112166100022	5771.807568046902	[116, 117, 118, 119, 120, 179, 360, 402, 493, 494]	10	5	1
396	CASSQEKSRGYEQYF	TRBV4-2*01	TRBJ2-7*01	2.068318690705908e-09	26	6	1	0.1147577901740744	198357	5.041415226082266e-06	5.785416706951324e-07	491	0.014028056112224449	0.014028056112224449	5.619900232276198e-06	2496.1397057653353	2531.639660928663	2067.1750175722336	[86, 228, 302, 392, 395, 396]	['CASSQEASRGYEQYF', 'CASSQEGGRGYEQYF', 'CASSQEGSRAYEQYF', 'CASSQEFSGRGYEQYF', 'CASSQEGSRAYEQYF', 'CASSQEKSRGYEQYF']	[133829]	['CASSQDSRGYEQYF']	['TRBV4-2*01']	['TRBJ2-7*01']	(SQE[AGKF][GS]R[AG]YEQ)	10	0	0.0	0.02204408817635271	5.041364394859825e-06	2782.591182364729	4471.184426229508	3649.7466409188232	5716.921658491057	[86, 228, 302, 392, 395, 396]	6	4	1
124	CASSMRTDTYEQYF	TRBV19*01	TRBJ2-7*01	6.123304865730269e-10	16	3	0	0.0	198357	0.0	0.0	494	0.008016032064128256	0.008016032064128256	5.041364394859825e-06	1590.0521042084167	1602.8929292929295	971.8324812038393	[22, 124, 368]	['CASSLRTDSYEQYF', 'CASSMRTDTYEQYF', 'CASSMRTDSYEQYF']	[]	[]	[]	[]	(S[LM]RTD[ST]YEQ)	13	2	2.0	0.028056112224448898	1.5124093184579474e-05	530.0173680694722	1908.5800687285227	4256.380329708003	5228.212810911842	[22, 124, 368]	3	3	1
472	CASGRRTDSYEQYF	TRBV19*01	TRBJ2-7*01	8.198458914036166e-10	22	3	0	0.0	198357	0.0	0.0	494	0.008016032064128256	0.008016032064128256	5.041364394859825e-06	1590.0521042084167	1602.8929292929295	971.8324812038393	[151, 204, 472]	['CASSRRTDSYEQYF', 'CASSRRTDSYEQYF', 'CASGRRTDSYEQYF']	[]	[]	[]	[]	([GS]RRTDSYEQ)	8	0	0.0	0.018036072144288574	5.041364394859825e-06	1590.0521042084167	3643.3102040816334	2869.6264845531737	3841.4589657570127	[151, 204, 472]	3	3	1
286	CASSFRQNSYEQYF	TRBV28*01	TRBJ2-7*01	1.2237207543457006e-08	20	3	1	0.0823359650033165	198357	5.041415226082266e-06	4.150897876218964e-07	494	0.008016032064128256	0.008016032064128256	5.456449997243969e-06	1469.0929208875955	1480.9562980260816	955.975504846916	[219, 253, 286]	['CASSLRQNSYEQYF', 'CASSFRSNSYEQYF', 'CASSFRQNSYEQYF']	[90823]	['CASSFRQVNSYEQYF']	['TRBV28*01']	['TRBJ2-7*01']	(S[LF]R[QS]NSYEQ)	7	0	0.0	0.016032064128256508	5.041364394859825e-06	1590.0521042084167	3231.902240325865	2482.0693762880856	3438.044881135001	[219, 253, 286]	3	3	1
265	CASSRSSNAYEQYF	TRBV28*01	TRBJ2-7*01	1.0254110385671337e-09	22	5	1	0.0823359650033165	198357	5.041415226082266e-06	4.150897876218964e-07	492	0.012024048096192385	0.012024048096192385	5.456449997243969e-06	2203.639381331393	2230.446351489585	1695.4571709994095	[265, 291, 382, 384, 387]	['CASSRSSNAYEQYF', 'CASSFSSNSYEQYF', 'CASSLSSNSYEQYF', 'CASSRDSNSYEQYF', 'CASSRTSNSYEQYF']	[98863]	['CASSRASAYEQYF']	['TRBV28*01']	['TRBJ2-7*01']	(S[RLF][DST]SN[AS]YEQ)	5	1	0.0823359650033165	0.012024048096192385	5.456449997243969e-06	2203.639381331393	2230.446351489585	1695.4571709994095	3390.914341998819	[265, 291, 382, 384, 387]	5	3	1
474	CSALRQVQAYGYTF	TRBV20-1*01	TRBJ1-2*01	2.4928145878663065e-12	36	4	0	0.0	198357	0.0	0.0	493	0.01002004008016032	0.01002004008016032	5.041364394859825e-06	1987.5651302605208	2007.672064777328	1339.3978189821996	[281, 329, 473, 474]	['CSALGQVDNYGYTF', 'CSAQRQVDYYGYTF', 'CSALGQVDIYGYTF', 'CSALRQVQAYGYTF']	[]	[]	[]	[]	([QL][RG]QV[DQ][ANIY]YGY)	4	0	0.0	0.01002004008016032	5.041364394859825e-06	1987.5651302605208	2007.672064777328	1339.3978189821996	2678.7956379643992	[281, 329, 473, 474]	4	3	1
372	CASSLRSDEYTIYF	TRBV28*01	TRBJ1-3*01	7.948246925757697e-12	36	4	0	0.0	198357	0.0	0.0	493	0.01002004008016032	0.01002004008016032	5.041364394859825e-06	1987.5651302605208	2007.672064777328	1339.3978189821996	[129, 220, 372, 378]	['CASSLRSDSYEQYF', 'CASSLRSDSYEQYF', 'CASSLRSDEYTIYF', 'CASSLRSDSYEQYF']	[]	[]	[]	[]	(SLRSD[ES]Y[ET][QI])	4	0	0.0	0.01002004008016032	5.041364394859825e-06	1987.5651302605208	2007.672064777328	1339.3978189821996	2678.7956379643992	[129, 220, 372, 378]	4	3	1
195	CASSMVEGTSKLFF	TRBV19*01	TRBJ1-4*01	7.204424999241747e-13	36	4	1	0.05192350004679285	198357	5.041415226082266e-06	2.617679237273847e-07	493	0.01002004008016032	0.01002004008016032	5.3031296792522285e-06	1889.4578647326614	1908.57181073198	1327.8294223642486	[11, 195, 200, 250]	['CASSRVEGTSPLHF', 'CASSMVEGTSKLFF', 'CASSIVEGTGELFF', 'CASSIVEGTGELFF']	[32710]	['CASSRGEGSKLFF']	['TRBV19*01']	['TRBJ1-4*01']	(S[RIM]VEGT[GS][EKP]L)	4	0	0.0	0.01002004008016032	5.041364394859825e-06	1987.5651302605208	2007.672064777328	1339.3978189821996	2667.227241346448	[11, 195, 200, 250]	4	3	1
488	CASSQEGGRQGSYEQYF	TRBV4-2*01	TRBJ2-7*01	5.591727216405428e-10	28	3	0	0.0	198357	0.0	0.0	494	0.008016032064128256	0.008016032064128256	5.041364394859825e-06	1590.0521042084167	1602.8929292929295	971.8324812038393	[83, 393, 488]	['CASSQEGGRSYEQYF', 'CASSQEGGRAGSYEQYF', 'CASSQEGGRQGSYEQYF']	[]	[]	[]	[]	(SQEGGR[AQ]?[G]?SYEQ)	3	0	0.0	0.008016032064128256	5.041364394859825e-06	1590.0521042084167	1602.8929292929295	971.8324812038393	1943.6649624076786	[83, 393, 488]	3	3	1
399	CASSYLDSQETQYF	TRBV6-5*01	TRBJ2-5*01	1.4483143459952331e-08	10	3	0	0.0	198357	0.0	0.0	494	0.008016032064128256	0.008016032064128256	5.041364394859825e-06	1590.0521042084167	1602.8929292929295	971.8324812038393	[110, 305, 399]	['CASSYLDSQETQYF', 'CASSYLDSQETQYF', 'CASSYLDSQETQYF']	[]	[]	[]	[]	(SYLDSQETQ)	3	0	0.0	0.008016032064128256	5.041364394859825e-06	1590.0521042084167	1602.8929292929295	971.8324812038393	1943.6649624076786	[110, 305, 399]	3	3	1
281	CSALGQVDNYGYTF	TRBV20-1*01	TRBJ1-2*01	1.5132160369182458e-10	28	3	0	0.0	198357	0.0	0.0	494	0.008016032064128256	0.008016032064128256	5.041364394859825e-06	1590.0521042084167	1602.8929292929295	971.8324812038393	[262, 281, 473]	['CSASLQVDNYGYTF', 'CSALGQVDNYGYTF', 'CSALGQVDIYGYTF']	[]	[]	[]	[]	(L[G]?QVD[NI]YGY)	3	0	0.0	0.008016032064128256	5.041364394859825e-06	1590.0521042084167	1602.8929292929295	971.8324812038393	1943.6649624076786	[262, 281, 473]	3	3	1
298	CASSRRDSSYEQYF	TRBV28*01	TRBJ2-7*01	2.171506160141232e-07	10	3	1	0.0823359650033165	198357	5.041415226082266e-06	4.150897876218964e-07	494	0.008016032064128256	0.008016032064128256	5.456449997243969e-06	1469.0929208875955	1480.9562980260816	955.975504846916	[62, 298, 385]	['CASSRRDSSYEQYF', 'CASSRRDSSYEQYF', 'CASSRRDSSYEQYF']	[99309]	['CASSRRDSTYEQYF']	['TRBV28*01']	['TRBJ2-7*01']	(SRRDSSYEQ)	3	2	1.0823359650033164	0.008016032064128256	1.0497814392103794e-05	763.5905689243015	769.752916956013	797.6579087524133	1753.6334135993293	[62, 298, 385]	3	3	1
141	CASSTGAYEQYF	TRBV19*01	TRBJ2-7*01	1.847426155779856e-06	10	3	1	0.07967731841263939	198357	5.041415226082266e-06	4.016864462188851e-07	494	0.008016032064128256	0.008016032064128256	5.443046790983214e-06	1472.7104821893818	1484.6030921464676	956.4794986540339	[23, 141, 327]	['CASSTGAYEQYF', 'CASSTGAYEQYF', 'CASSTGAYEQYF']	[45192]	['CASSTGSYEQYF']	['TRBV19*01']	['TRBJ2-7*01']	(STGAYEQ)	3	6	2.2470212779548655	0.008016032064128256	1.6369417460033906e-05	489.6956219547505	493.644677485698	668.3459407247915	1624.8254393788254	[23, 141, 327]	3	3	1
